,Top1,Top2,Top3,Top4,Top5,Top6,Top7,Top8,Top9,Top10
2020-03-20,märz,ausgangsbeschränkung,ausgangssperre,coronavirus,mensch,betretungsverbot,notfallregelung,bundesregierung,rückholaktion,schuldenbremse
2020-03-21,mieter,coronavirus,sommersemester,lehre,todesopfer,milliarde,uniklinik,moschee,euro,angabe
2020-03-22,märz,versammlungsverbot,strompreis,ausgehbeschränkung,krise,alarm,handy,entwicklung,pence,mensch
2020-03-23,hilfspaket,endspiel,nachtragshaushalt,krise,bundeskabinett,milliarde,coronavirus,mensch,schnellverfahren,euro
2020-03-24,märz,landsleute,spiel,coronavirus,verschiebung,fackel,lagern,französin,verdacht,entwicklung
2020-03-25,corona,coronavirus,krise,epidemie,pandemie,klinikleitung,rom,mensch,wohnzimmer,milliarde
2020-03-26,märz,lungenkrankheit,entwicklung,newsblog,coronavirus,angabe,mensch,musik,19die,zahl
2020-03-27,coronavirus,epidemie,erdkreis,linderung,april,segen,personal,förderbank,schutzkleidung,mensch
2020-03-28,märz,newsblog,entwicklung,19die,mietzahlung,verdopplungszeit,mensch,miete,zahl,podcast
2020-03-29,tierart,infizierung,zahl,charité,infektion,tote,wahl,bewohner,team,erreger
2020-03-30,märz,newsblog,entwicklung,19die,mensch,mittwoch,coronavirus,wirtschaftsweis,corona,erntehelfer
2020-03-31,tragen,pflegeheim,mundschutz,schal,schwellenland,familienmitglied,coronavirus,kontaktsperre,präsident,schutzes
2020-04-01,19die,newsblog,märz,entwicklung,elite,tracking,saisonarbeitskräfte,april,corona,covid
2020-04-02,schießbefehl,19die,gehaltskürzung,waffengewalt,newsblog,levit,coronavirus,nato,durchsetzung,ärger
2020-04-03,corona,coronavirus,mensch,arbeitslosenhilfe,krise,arbeitslosenquote,geisel,pandemie,lungenkrankheit,zuspitzung
2020-04-04,zaun,coronavirus,absperrung,paar,zahl,sprache,atemschutzmasken,mensch,tote,flugzeug
2020-04-05,19die,newsblog,haustier,corona,märz,krise,katze,entwicklung,hund,bundeswehr
2020-04-06,19die,newsblog,märz,coronavirus,entwicklung,krankenhaus,april,corona,covid,ap
2020-04-07,19die,newsblog,corona,covid,märz,april,entwicklung,ethikrat,krise,thomas
2020-04-08,19die,newsblog,april,entwicklung,corona,märz,covid,fraktion,us,welttag
2020-04-09,19die,newsblog,corona,siedlung,finanzminister,entwicklung,krise,klimawandel,april,ausbreitung
2020-04-10,corona,gefängnis,krise,hilfspaket,wärter,achtung,karfreitag,pandemie,leiden,coronavirus
2020-04-11,19die,newsblog,entwicklung,covid,märz,corona,april,krise,bildungsabschluss,fußfesseln
2020-04-12,coronavirus,corona,lungenkrankheit,besatzungsmitglied,flugzeugträger,ausbreitung,ostermesse,leben,mensch,ritual
2020-04-13,19die,newsblog,akademie,entwicklung,april,wissenschaft,covid,corona,krippe,stellungnahme
2020-04-14,corona,zeitplan,lockerung,zahl,sonderparteitag,schule,pandemie,jahr,bundesparteitag,vertretung
2020-04-15,land,corona,mai,schule,lockerung,nato,bund,beratung,verkaufsfläche,geschäft
2020-04-16,festival,rock,corona,pandemie,coronavirus,flugplan,großveranstaltung,ring,mai,festivals
2020-04-17,oper,beitrag,krankenversicherung,coronavirus,praxis,corona,reproduktionsrate,bundesland,mensch,museumsbund
2020-04-18,kreuzfahrtschiff,heil,corona,mensch,demonstration,flüchtlingslager,mai,cookinseln,mediumenhaus,nettoeinbuß
2020-04-19,corona,mensch,pandemie,bündnis,familie,ab,mundschutz,lösung,blau,ferientourismus
2020-04-20,corona,autokino,band,pandemie,krise,terminbörse,mensch,hashtag,pegida,ölpreis
2020-04-21,tragen,corona,nahverkehr,kinderschutzbund,mund,verfügung,nasen,medikament,bundesliga,form
2020-04-22,asylbewerber,spielplatz,kinderhilfswerk,arbeitsverbot,aufenthaltsrecht,einlaufkinder,familienunternehmen,freikilometer,händeschütteln,jugendbereich
2020-04-23,corona,oberbürgermeister,veröffentlichung,video,einschränkung,kurzarbeitergeld,prozent,geld,infektionswelle,gipfel
2020-04-24,viertklässler,stuhl,coronavirus,zahl,corona,gipfel,lockerung,rezession,schüler,coronakrise
2020-04-25,befreiung,coronakrise,behandlung,idee,mai,beatmungsgeräte,beamtungsplätzen,einkaufsgutscheine,faschismus,gitter
2020-04-26,wunder,corona,mai,desinfektionsmittel,heil,us,coronavirus,krise,sitzungsbetrieb,umlage
2020-04-27,corona,coronavirus,fußball,krise,million,rennen,abschlussklassen,klimaschutz,stimmung,ap
2020-04-28,mai,reproduktionszahl,geschäft,persönlichkeitsrecht,corona,kanzler,rede,öffnung,gottesdienst,beschränkung
2020-04-29,frühjahrsprojektion,steueroase,corona,unterricht,prozent,wirtschaft,frau,rezession,pandemie,reisewarnung
2020-04-30,mai,corona,krise,gastronomie,rabbiner,wirtschaft,zahl,studierend,spielplatz,bund
2020-05-01,führerscheinprüfung,aquarium,vorstellungsbetrieb,dialog,mensch,freie,corona,krise,rezession,kinderbetreuung
2020-05-02,mensch,reproduktionszahl,corona,grüne,parteitag,pandemie,sonderweg,geschäft,haushalt,antikörper
2020-05-03,corona,mannschaft,club,fußball,zahl,acht,flughafen,coronavirus,angabe,nachrichtenagentur
2020-05-04,corona,geberkonferenz,euro,kaufprämie,mai,mensch,dunkelziffer,coronavirus,soforthilfen,spielbetrieb
2020-05-05,lebensmittelbehörde,prüfungsausschuß,familienangehörig,großeltern,notzulassung,insider,arbeitsgruppe,landesgesundheitsministerium,blatt,pence
2020-05-06,zahl,versuchsperson,corona,theorie,lockerung,coronavirus,mensch,faktencheck,umgang,mann
2020-05-07,versuchsperson,corona,pandemie,puppe,gemälde,euro,kampagne,heinsberg,milliarde,personalie
2020-05-08,bier,übersterblichkeit,vergleichszeitraum,corona,vorjahresmonat,einreisebeschränkung,export,kindertagesstätte,mensch,prozent
2020-05-09,corona,krise,coronavirus,epidemie,land,mensch,künstler,militärparade,vizepräsident,dividende
2020-05-10,corona,spieler,sponsoring,parteikollege,integration,fdp,coronavirus,ärger,ansteckung,us
2020-05-11,corona,rechtsradikale,beschränkung,protest,lockerung,passierschein,totalausfall,partei,demonstration,blume
2020-05-12,corona,reproduktionszahl,brand,einreisend,sportler,kindersterblichkeit,quarantäne,pflicht,rechtsverordnung,falschinformation
2020-05-13,grenze,maa,kontorolle,resolution,text,corona,bundesaußenminister,schlachthof,afd,teilnahme
2020-05-14,corona,krise,kind,milliarde,vernunft,euro,bundestag,entzündung,kawasaki,lunge
2020-05-15,coronakrise,corona,industrieproduktion,krebshilfe,prozent,dfl,liga,kennzahl,trainer,pandemie
2020-05-16,ureinwohner,corona,bundespolizei,bundesliga,verschwörungstheoretiker,mensch,demonstration,beschränkung,coronavirus,beitrag
2020-05-17,corona,motiv,museumstag,distrikt,coronavirus,protest,person,rücken,premierministerin,pandemie
2020-05-18,corona,jahresversammlung,rücken,pandemie,medikament,land,videokonferenz,ausgangssperre,ende,quartal
2020-05-19,corona,krise,zahlungsstopp,prostitution,emission,fachgesellschaft,co2,auto,hilfsfonds,malaria
2020-05-20,fleischindustrie,bundeskabinett,corona,novelle,fleisch,werkvertrag,gutschein,grünen,krise,land
2020-05-21,corona,tropenwälder,fläche,herdenimmunität,coronavirus,mensch,name,reihe,europäer,westerfellhaus
2020-05-22,gedicht,ausbau,corona,neustart,krise,umbau,muslim,werk,erfahrung,bundespräsident
2020-05-23,vox,juni,baptisten,kirchengemeinde,studierend,coronavirus,kultur,hilfsfonds,text,mensch
2020-05-24,bell,corona,mensch,baptisten,kirchengemeinde,muslim,gesellschaft,kasse,gottesdienst,restaurantbesuch
2020-05-25,corona,händewaschen,gottesdienst,gehaltserhöhung,gemeindeverwaltung,lockerungsdebatte,stab,ap,ansteckungs,außenterrasse
2020-05-26,mindestlohn,staatshilfe,autobranche,techniker,juni,rettungspaket,ministerpräsident,krankenkasse,kabinett,corona
2020-05-27,kommission,eu,europaparlament,generation,milliarde,konjunktureinbruch,corona,euro,gutschein,pandemie
2020-05-28,juni,air,park,coronakrise,corona,nationalversammlung,open,philologenverband,fluggesellschaft,prozent
2020-05-29,raumfahrer,bildschirm,louvre,g7,coronavirus,verein,land,präsident,tourist,bedingung
2020-05-30,corona,mensch,demonstration,levit,insel,zusammenarbeit,wiederaufbaufonds,coronavirus,weltgesundheitsorganisation,sportler
2020-05-31,moschee,kaufprämie,mensch,aksa,tempelberg,corona,al,konjunkturprogramm,auto,mekka
2020-06-01,corona,gastwirt,aufsichtsrat,sonderregelung,juni,krankschreibung,umfrage,museum,sicherheitsabstand,schule
2020-06-02,konjunkturpaket,zone,corona,kanzleramt,koalition,familie,maa,entlastungsprogramm,flüchtlingskrise,gesundheitsfachleute
2020-06-03,reisewarnung,erkenntnis,wissenschaftler,urlauber,virologe,stufe,dlf,juni,bundeskabinett,beratung
2020-06-04,donnerstag,rat,regelstudienzeit,semester,konjunkturpaket,corona,bafög,geberkonferenz,impfallianz,emirat
2020-06-05,zahl,land,kontorolle,prozent,tagestourist,corona,g7,inselstaat,juni,sommerferien
2020-06-06,corona,abrechnungsproblem,umnstellung,voreingenommenheit,garantie,mehrwertsteuersenkung,unterricht,mehrwertsteuersatz,handelskammertag,verbandschef
2020-06-07,polizeigewalt,rassismus,coronavirus,demonstrant,kunstmesse,lockerungsphasen,menschenmenge,corona,führung,abstandsregel
2020-06-08,corona,erstattung,rassismus,generaldebatte,reisende,großbritannien,vollversammlung,wochenende,fluggesellschaft,demonstration
2020-06-11,apps,corona,maa,coronavirus,einreisestopp,videokonferenz,it,datum,pandemie,bundesaußenminister
2020-06-12,kinderarbeit,corona,reise,ticket,bahn,leichtathletik,warnung,nachrichtenredaktion,pandemie,coronavirus
2020-06-13,journalist,vertrag,staat,eu,abgeriegelt,binnengrenzen,daueraufenthaltsgenehmigung,dort,fleischmarkt,informationstechnik
2020-06-14,schengenstaaten,rassismus,antisemitismus,grenze,ungerechtigkeit,bahn,coronavirus,winterurlauber,wunsch,demonstration
2020-06-15,corona,euro,studierend,neuverschuldung,reisewarnung,nachtragshaushalt,angestellt,zuschuß,pandemie,adriaküste
2020-06-16,ap,wissenslücke,kirchentag,metall,sonderrechte,ig,nutzer,tragweite,gewerkschaft,coronavirus
2020-06-17,corona,nachtragshaushalt,schlachtereibetrieb,coronavirus,ap,sommerferien,pokalfinale,kreis,fleischfabrik,flug
2020-06-18,corona,schlachtbetrieb,hochhaus,tönnies,werkvertrag,tourismus,euro,schlachthof,botschaft,milliarde
2020-06-19,abwässer,corona,filiale,bundeswehr,monitoring,fleischfabrik,dezember,coronavirus,schlachtbetrieb,ausbruch
2020-06-20,missstände,ausbruch,coronavirus,zahl,infektion,vortag,anstoß,aufsichtsratsvorsitzende,haushaltsangehörigen,konzernspitze
2020-06-21,ausbruch,fleischbetrieb,corona,abriegelung,rolle,kontaktnachverfolgung,wasserwerfer,ausschreitung,coronavirus,kreis
2020-06-22,bankensystem,corona,schlachtbetrieb,ausbruch,zahl,bank,person,gesundheitspolitiker,industrie,konferenz
2020-06-23,schlachtbetrieb,kreis,werkvertrag,corona,welthandel,schlachthof,sachverständigenrat,ausbruch,mensch,person
2020-06-24,kreis,ausbruch,schlachthof,corona,schwimmbad,umgebung,arbeiter,frau,person,verein
2020-06-25,sub,corona,immunitätsausweis,stigmatisierung,eiffelturm,studie,schuld,süden,strand,kultur
2020-06-26,corona,mensch,kreis,fleisch,ausbruch,ausbrüchen,mark,zahl,handel,prozent
2020-06-27,zeugnis,corona,seit,facebook,podcast,kreis,uno,bildungsforscher,bundeslehranstalt,eur
2020-06-28,coronavirus,mensch,staatstheater,club,ensemble,infektion,pflegeheim,schlachthof,maske,test
2020-06-29,kreis,corona,warendorf,sondersitzung,konjunkturpaket,bewältigung,bundesrat,mehrwertsteuersatz,prozent,bonus
2020-06-30,corona,kurzarbeit,bundesstaat,coronakrise,prozent,angehörige,abstrichstelle,charite,fleischfabrikant,führungsamt
2020-07-02,corona,nachtragshaushalt,kommune,prozent,eurozone,quote,mensch,zuschauer,spiel,jahr
2020-07-03,neuzulassung,notaufnahme,corona,niveau,absatzrückgang,bulletin,kraftfahrt,schnapsleichen,tochterunternehmen,zahlungsschwierigkeit
2020-07-04,nationalfeiertag,arznei,corona,maskenpflicht,nahverkehr,erfolg,alkoholpegel,kombinations,lenkungsausschusses,präsidentensohn
2020-07-05,bezirk,parlamentswahl,sonntag,neuansteckung,pandemie,politiker,behördengang,donald,energiesteuer,exzeß
2020-07-06,aids,corona,wahlkampfveranstaltung,einzelhandel,besucher,louvre,pandemie,halle,maskenpflicht,schutzmaske
2020-07-07,austritt,corona,leitlinie,hochschule,grippeimpfung,fc,lufthansa,zahl,atemwegserkrankung,turnier
2020-07-08,busfahrer,attest,kreisgrenze,weltbank,maskenpflicht,mann,verantwortung,aussteigen,cnbc,demobesuch
2020-07-09,hilfsorganisation,corona,präsident,gesamtzahl,auslandsgast,bevölkerungs,freiluft,indigenenvereinigung,interviews,mennoniten
2020-07-10,corona,aussteller,berufskrankheit,genaktivität,herbsttagung,herzzelle,unfallversicherung,coronavirus,busfahrer,krise
2020-07-11,hinrichtung,cop,corona,lernen,schule,spieler,mundschutz,angehörige,betreuenden,bundesbezirksgericht
2020-07-12,corona,entwicklungsland,hilfswerk,stadion,bild,krise,chefarzt,den,innovationsvorhaben,jubiläum
2020-07-13,richter,schulschließung,alkoholverkaufsverbot,altkleidersammlung,bildungsnotstand,fauci,frühehen,kinderrechtsorganisation,kleiderschränke,landeskultusminister
2020-07-14,franken,nationalfeiertag,land,coronavirus,regierung,ausbruch,ausländer,job,pflegekraft,übertragung
2020-07-15,bierstraße,lebensmittelproduktion,teilbereich,vierschanzentournee,corona,urlaubssaison,technik,reisewarnung,sommerferien,verwaltung
2020-07-16,karibik,biergarten,lokal,weltwirtschaft,familiennachzug,gewerbesteuer,corona,mensch,hotspots,straße
2020-07-17,dienstlaptop,land,corona,schwein,zahl,mail,lehrer,coronavirus,drittstaat,juli
2020-07-18,bistümer,landeskirche,diplomat,verhandlung,zuschuß,milliarde,corona,angabe,infektion,euro
2020-07-19,lager,menschenrechtler,winkel,landkreis,corona,dunkelziffer,abschreckung,ermessensfrage,geflügel,geflügelschlachterei
2020-07-20,corona,wirtschaft,leistungsniveau,sicherheitsgesetz,pandemie,bda,insasse,gewalt,erfahrung,hotspots
2020-07-21,corona,coronavirus,antikörper,pandemie,überwindung,arbeitszeit,krise,rapper,steueraufkommen,million
2020-07-23,kohle,corona,politisierung,zielgruppe,rapper,flughafen,meisterschaft,mensch,grundeinkommen,parlamentarier
2020-07-24,corona,moral,schulbehörde,verletzt,parteitag,republikaner,august,zahl,mensch,mund
2020-07-25,parade,feier,corona,mensch,berufsverkehr,bucht,kanäle,kontaktüberprüfung,krankenhausstudie,lokalsender
2020-07-26,spätaussiedler,corona,branche,heil,verdachtsfall,samstagabend,menschen,lehrerverband,arbeitsmodell,aufnahmeprozeß
2020-07-27,corona,hof,staatsregierung,risiko,urlauber,coronavirus,mensch,risikogebiet,reiserückkehrer,test
2020-07-28,corona,testpflicht,gast,arbeitsmarkt,arbeitsmarktbarometer,umgestaltung,schwäbische,trauerfeier,infektion,risikogebiet
2020-07-29,beatmung,corona,patient,impfstoff,ermittlung,bundesagentur,vertrag,vertrauen,abrechnungsdaten,beitragseinnahme
2020-07-30,corona,prozent,quartal,minus,mensch,krise,milliarde,verlust,ausland,neuinfektion
2020-07-31,corona,bip,bruttoinlandsprodukt,lehrerverband,rückschlag,vorquartal,region,statistikamt,august,quartal
2020-08-02,corona,einbuße,lengfelder,gästelisten,ordnungsämter,polizei,delegiert,mensch,bareiß,arbeitslosigkeit
2020-08-03,schuljahr,überlegung,coronavirus,corona,rückkehrer,maskenpflicht,risikogebiet,metropole,mensch,schule
2020-08-04,werft,geschlechtsverkehr,konservenfabrik,dienstleistung,corona,mitarbeiter,basis,senat,abhängigkeitsverhältnisse,beibezahlung
2020-08-05,corona,welle,wasch,regelbetrieb,fokus,schule,coronavirus,verstoß,virus,fall
2020-08-06,zugbegleiter,reisewarnung,anhänger,maske,botschaft,kündigung,corona,testpflicht,aerosole,prozent
2020-08-07,lehrerin,phishing,zoo,urlaub,chanasit,schmidt,corona,garten,export,verband
2020-08-08,profi,arge,ausschreibung,belüften,busreise,einkaufsstraß,nachwuchsspieler,seineufer,sicherheitsgefühl,u19
2020-08-09,mensch,kurzarbeitergeld,party,coronavirus,stelle,arbeitslose,testkapazität,impfstoff,park,artikel
2020-08-10,urlaubsregion,corona,bundesinnenministerium,himmel,messe,zahl,schuljahr,anspruch,befragt,abwanderung
2020-08-11,gerücht,verpackung,diakonie,weihnachtsmärkte,corona,million,reaktion,drohmails,einlasskontrollen,elternhaus
2020-08-12,corona,fördervolumen,mrd,oktober,förderbank,volksrepublik,herbst,zusammenhalt,impfstoff,angabe
2020-08-13,zeitarbeiter,corona,panne,mehrwertsteuer,rücktritt,bahn,zug,ankündigung,verzögerung,reisend
2020-08-14,corona,bundesvergleich,vizepräsident,antikörper,coronavirus,museum,hotspot,risikogebiet,us,warnung
2020-08-15,corona,reservierung,vier,befund,gesundheitsamt,bahn,urlaub,nasen,maskenpflicht,strand
2020-08-16,corona,wähler,jude,land,diskotheken,teststelle,uhr,demonstration,befund,infektion
2020-08-17,landesanstalt,sendezeit,werbung,gesichtsmasken,feier,börsenkursanzeige,entschiedenheit,gefahrenquelle,leugnern,lfk
2020-08-18,mannschaft,museum,mail,ticket,corona,karneval,august,coronavirus,party,vorstand
2020-08-19,livemusik,jahresbeginn,euro,maskenpflicht,bedeckung,reisend,mund,corona,nase,bußgelduntergrenze
2020-08-20,corona,karneval,plattform,zahl,brauchtumsverein,clubszene,jahressicht,pendelwege,veranstaltungswesen,verkehrsstaatssekretär
2020-08-21,corona,karneval,mädchen,heizpilz,nase,attest,mund,außenbereich,sommerurlaub,name
2020-08-22,experiment,konzert,insektenzellen,corona,zahl,impfstoff,bahnreise,behördensprecher,coronarisiko,coronation
2020-08-23,corona,parteitag,mensch,neuinfektion,feld,karrenbauer,kramp,parteivorsitzend,kirche,kurzarbeitergeld
2020-08-24,bahn,bahnhof,gesundheitssenatorin,reiserückkehrer,corona,feier,filmfestspiele,förderzentren,impfstoffinitiative,nüßlein
2020-08-25,corona,adria,absatz,vorgaben,reiserückkehrer,league,tennis,tour,prozent,ifo
2020-08-27,corona,tests,bund,großveranstaltung,land,gleichviel,nichtbeachtung,veranstaltungsverbot,westfale,beschlussentwurf
2020-08-28,casino,nerz,corona,weihnachtsmarkt,zucht,farm,verbot,androhung,bellagio,farmen
2020-08-29,corona,coronainfektion,demonstration,infektionszahl,verwaltungsgericht,ausschluss,betreuungsinstitut,eilbeschlüsse,einfluß,einzelgruppe
2020-08-30,absperrung,reichstagsgebäude,karneval,corona,coronaregeln,hausmitteilung,kalkül,neonazi,sitzungssaal,mensch
2020-08-31,reichstagsgebäude,corona,innensenator,geisel,reichstagstreppe,innenausschuß,abgeordnetenhaus,bundestag,coronavirus,mindestabstand
2020-09-01,corona,hass,wahllokal,gewerkschaft,bildungsminister,pandemie,angriff,gegner,bewegung,september
2020-09-02,corona,bundesministerium,ballweg,existenznot,bevölkerungszahl,einstufung,september,insel,flächenstaat,friedrichstadt
2020-09-03,blutspende,blut,grippe,bordell,wohlstand,kardinal,ex,liste,pandemie,drittstaat
2020-09-04,panne,flughafen,corona,oppositionelle,bordell,,fehler,dienstleister,zahl,ampel
2020-09-05,corona,testspiel,trauer,zuschauer,staatsoper,regie,fan,stärkung,land,einheit
2020-09-06,corona,weihnachtsmärkte,département,impfstoffdosen,rechtsextremist,million,verfassungsschutz,maßnahmen,zone,prozent
2020-09-07,corona,techniker,kinderbonus,krankenkasse,museum,krankenstand,laborkapazität,kindergeld,département,kandidaten
2020-09-08,corona,tour,buchmesse,ersthelfern,hilfsdienst,malteser,aussteller,quarantänezeit,esoteriker,ausbildung
2020-09-09,reisewarnung,anhörung,corona,amt,infektionslage,warnung,alttag,berufsanfänger,berufseinsteiger,bewertet
2020-09-10,unterbrechung,myelitis,steuerschätzung,programm,studie,magazin,teilnehmer,accelerator,demonstrationder,geberländfen
2020-09-11,milliarde,freitag,corona,zahl,blutverdünner,euro,wohnungslose,gasse,blutgerinnsel,konjunkturprogramm
2020-09-12,corona,bundesdatenschutzbeauftragt,koordinator,mensch,infektion,amateurboxer,chronologie,ferienort,hauptkundgebung,kontaktdaten
2020-09-13,corona,sinfoniker,flüchtling,biker,dach,lager,auflagen,pandemie,party,coronavirus
2020-09-14,spruch,kampagne,corona,schulter,herbst,maske,schüler,amerikanerin,bierdeckeln,caravan
2020-09-15,corona,forschungsministerin,impfstoffentwicklung,geisel,bar,umsatz,spahn,abkürzung,bundeslösung,fußballfans
2020-09-16,corona,rabbinerkonferenz,risikogebiet,mitarbeitende,streik,arbeitsbedingung,einstufung,risikogebiete,coronavirus,hauptstadt
2020-09-17,corona,armut,ausländer,corna,entfernung,freizeiteinrichtungen,registrierungspflicht,labor,ansteckungen,fragebogen
2020-09-18,sammlung,vereinbarkeit,corona,prämie,beruf,werk,initiative,reaktion,vorgabe,finanzminister
2020-09-19,gläubiger,corona,neuinfektion,bundesjustizministerin,zahl,ethikexperte,gesundheitsinformation,institutsleiter,leck,nczi
2020-09-20,zahl,corona,landesamt,geldstrafe,scheuer,stadt,inzidenz,süden,bezirk,durchschnitt
2020-09-21,achtsamkeit,herbstmonat,nürburgring,seibert,krisenstab,ambulanzen,neuerkrankung,platz,rennen,verwandte
2020-09-22,corona,lehrer,land,salzlösung,angestellt,laptops,generaldebatte,vollversammlung,arbeitnehmer,rede
2020-09-23,corona,akademie,ap,vorjahreszeitraum,einkommen,vergleich,maa,beförderungsentgelt,chefentwickler,einkommensbeihilfe
2020-09-24,hund,altstadt,geschehen,coronavirus,corona,ap,frühjahr,operation,maa,außenminister
2020-09-25,corona,karneval,million,gemeinde,fc,risikogebiet,einwohner,uno,infektionszahl,neuinfektion
2020-09-26,corona,tagesanstieg,neuinfektion,branche,zahl,park,dtv,feiernde,landkreistags,neuankömmling
2020-09-27,mediziner,corona,abstand,soldat,attest,flüchtlingslager,regionalregierung,sonntag,maskenpflicht,bezirk
2020-09-28,montagmittag,skiort,corona,coronaviren,quarantäne,reisend,infektion,insel,abwehrsystem,biotechfirma
2020-09-29,corona,apps,warn,raum,uno,neuverschuldung,generalsekretär,schiff,bord,schuld
2020-09-30,corona,teststation,gesundheitsminister,angehörige,abschottungsmaßnahmen,anschrift,cc,galopp,galopprennbahn,gastsstätte
2020-10-01,soldat,corona,reisewarnung,zahl,sprechen,pandemie,coronavirus,falschinformation,soldatinnen,infektion
2020-10-02,corona,frau,hauptstadt,coronavirus,präsident,bezirk,us,risikogebiet,pence,region
2020-10-03,aok,nierenschäden,student,fernunterricht,zahl,corona,erkrankung,bundeslehrerverbands,krankenkassen,wahlkampfchef
2020-10-04,corona,mekka,reed,rechtsanspruch,wollseifer,walter,arzt,präsident,coronavirus,papst
2020-10-05,corona,weidemark,schlachthof,schuldenkrise,pandemie,bier,stabschef,tönnies,us,dienstag
2020-10-06,fernsehdebatte,warnhinweis,gehirn,wahlkampf,coronavirus,corona,inland,präsident,videobotschaft,post
2020-10-07,corona,striezelmarkt,konzentration,großstadt,information,luftreiniger,infektionszahl,aerosolen,show,urlauber
2020-10-08,corona,neuinfektion,sorge,zentralregierung,zahl,hotspot,hauptstadt,angabe,dlf,standort
2020-10-09,sperrstunde,coronavirus,großstadt,bürgermeister,desinfektion,oberfläche,kommentar,neuinfektion,zentralregierung,corona
2020-10-10,warnstufe,corona,neuinfektion,geschwindigkeit,zuhause,alkoholkonsum,einschnitt,pandemie,zahl,hauptgeschäftsführerin
2020-10-11,corona,öffnungszeit,einwohner,feier,gesundheit,zahl,sondersitzung,grenzwert,großstadt,neuinfektion
2020-10-12,warnstufe,verlassen,corona,bußgelder,geschichte,bar,sonntag,tag,kontaktperson,neuinfektion
2020-10-13,weihnachtsferie,corona,europaminister,kennzeichnung,flickenteppich,einschätzung,ampel,gasse,flughafen,weltwirtschaft
2020-10-14,maßnahme,klassenzimmern,gesundheitsnotstand,intensivbetten,corona,gesundheitsversorgung,notaufnahme,land,regierung,sperrstunde
2020-10-15,corona,krankschreibung,glaubenszentrum,polizistinnen,kritikern,beherbergungsverbote,verwaltung,pandemie,zahl,debatte
2020-10-16,sperrstunde,beherbergungsverbot,corona,frühjahr,beherberbungsverbot,vermieterin,infektionstreiber,beherbergungsverbote,gipfel,oberverwaltungsgericht
2020-10-17,corona,reifen,container,nachverfolgung,beherbergungsverbote,quarantäne,test,maßnahme,bundeskanzlerin,mädchen
2020-10-18,corona,buchmesse,kultur,innenstadt,haushaltsentwurf,hochzeit,gastronomie,auszahlung,samstagabend,soforthilfen
2020-10-19,corona,palästinenser,krankschreibung,aufgabe,föderalist,geburtstagsfeiern,integrationsgipfel,krankenhaussprecherin,migrantenverbänden,parlamentsverfahren
2020-10-20,kommune,corona,stadt,pandemie,zahl,wert,angabe,grenzschließung,risikogebiet,grenzkontrolle
2020-10-21,berchtesgadener,politiker,auslandseinsätze,ausschusses,erstarken,kriseneinsätzen,notfallplan,pionier,placebo,proband
2020-10-22,corona,weihnachtsmarkt,stadt,prozent,unternehmerlohn,regel,landkreis,freiberuflern,planungssicherheit,kommune
2020-10-23,corona,sperrstunde,neuinfektion,zahl,august,mensch,störung,pandemie,verwaltungsgericht,übermittlung
2020-10-24,parteitag,corona,aufstehen,parteivorstand,zahl,kultur,höchstwerte,quote,million,reserve
2020-10-25,corona,geist,polizei,maske,bar,restaurant,gegner,neuinfektion,zahl,stunde
2020-10-26,stadtbücherei,schulgebäuden,generaldirektor,corona,neuinfektion,intensivstation,krankenhaus,weltgesundheitsorganisation,kontakt,theater
2020-10-27,corona,antikörper,paketsendung,paket,spielstätte,prozent,gesellschaft,mensch,weihnachtszeit,ministerpräsident
2020-10-28,corona,ddos,neuinfektion,lockdown,november,diakonie,fernverkehr,gaststätte,pandemie,gastronomiebetrieb
2020-10-29,corona,bundestag,regierungserklärung,generalaudienz,parlament,land,einschränkung,gastronomie,außer,branche
2020-10-30,november,corona,sondersitzung,friedhof,freiheit,allerheiligen,christenmensch,steuererhöhung,landtag,grab
2020-10-31,corona,teil,material,november,kindergärten,lockdown,anwälten,bouffier,case,erläuterung
2020-11-01,corona,bundeswehr,schule,einschränkung,frühjahr,protest,pandemie,bezirk,schließung,soldat
2020-11-02,corona,kontakt,anders,bestandsaufnahme,coronaviruszeit,einbahnstrassen,schwaben,testaktion,wellenbrecher,herzen
2020-11-03,kulturhaus,bühne,schließung,neufassung,zahl,corona,vorlage,infektionsschutzgesetzes,intensivstation,gaststätte
2020-11-04,diw,zahl,corona,ansteckungsfälle,neuinfektion,flug,passantenfrequenz,tageszeit,arbeitsbereich,außenkontakt
2020-11-05,corona,november,zahl,soldat,neuinfektion,parteitag,coronavirus,diw,land,test
2020-11-06,nerze,triage,donnerstagabend,corona,schlachthof,polizist,berufsausübungsfreiheit,berufsgenossenschaft,leuchtraketen,pflastersteine
2020-11-07,migration,corona,höchstwert,oktober,fett,neuinfektion,luftverschmutzung,prozent,route,pflegeeinrichtung
2020-11-08,symptom,uhr,corona,bankrotterklärung,dunkelheit,ethikkommission,politkerin,sachbeschädigung,beibehaltung,kulturszene
2020-11-09,allgemeinverfügung,corona,schweinshaxe,daseinsvorsorge,wissenschaftsakademie,leiter,stadtgebiet,gesundheitsrisiko,fall,tragen
2020-11-10,eilanträge,rauchen,nachrichtenmeldung,unterricht,gerichtssprecher,vertrag,corona,versammlung,mensch,klage
2020-11-11,corona,zahl,pandemie,weihnachtsferie,pflegetag,weihnachtsgeld,winterferien,neuinfektion,hungerstreik,dezember
2020-11-12,corona,krisentarifvertrag,schließung,regelbetrieb,bericht,anstieg,passagier,unternehmen,angriffe,auffälligkeit
2020-11-13,weihnachtsmann,corona,rettungsschirm,land,november,kern,rechtsstaatlichkeit,pfizer,erklärung,impfstoff
2020-11-14,aufforderung,corona,wasserwerfer,querdenken,protestzug,linksfraktion,neuinfektion,gegendemonstranten,krankenpfleger,grundsicherung
2020-11-15,corona,altenheime,sterben,sonntag,szene,kirche,finanzierung,welt,september,bundeswehr
2020-11-16,corona,mensch,impfstoff,klasse,person,hausstand,beschlussvorlage,aufenthalt,klassenraum,krankenkasse
2020-11-17,corona,tube,luftreiniger,million,schuljahr,lüften,zentralregierung,pandemie,zahl,fall
2020-11-18,corona,bundestag,kundgebung,infektionsschutzgesetzes,richterbund,verwaltungsgericht,abgeordnet,änderung,schule,wirksamkeit
2020-11-19,corona,zahl,frost,heimaufsicht,armut,delegation,intensivpatient,coronavirus,region,bundestag
2020-11-20,corona,kirche,niederländer,patriarch,zahl,coronavirus,oberhaupt,datum,impfstoff,mensch
2020-11-21,g20,corona,november,sohn,coronavirus,mensch,weihnachtsmärkte,gastgeber,impfstoffen,treffen
2020-11-22,corona,dezember,welle,bühne,g20,gegendemonstranten,schüler,verlängerung,coronapandemie,infrastruktur
2020-11-23,corona,böllern,marcouch,weihnachten,dezember,abwärtstrend,effektivität,krankenhaus,maßnahmen,impfstoff
2020-11-24,dezember,silvester,papst,corona,weihnachten,land,feuerwerk,buch,menschheit,weihnachtsferie
2020-11-25,zahl,million,corona,mittwoch,umwelthilfe,mut,dezember,bund,bahn,protest
2020-11-26,corona,weihnachten,thanksgiving,tier,dezember,gewandhaus,farm,parade,umwelthilfe,neujahr
2020-11-27,dezember,militärangehörige,corona,hotelübernachtung,falschinformation,parteitag,grundsicherung,inhalt,weihnachten,antrag
2020-11-28,silvester,weihnachten,corona,brinkhaus,familienbesuch,unionsfraktionschef,fest,übernachtung,pub,geschäft
2020-11-29,sonntag,corona,veranstaltungsgewerbe,weihnachten,adventszeit,dezemberhilfe,norditalien,berechnung,weihnachtsfeiertage,bund
2020-11-30,gefangen,corona,wort,gesundheitsreserve,schutzausrüstung,aufseher,vorweihnachtszeit,gefängnis,uhr,gesellschaft
2020-12-01,filiale,corona,franziskanerinnen,orden,schwester,november,geschäft,dezember,us,zulassung
2020-12-02,corona,gaststätte,impfstoff,freistaat,kurs,notfallzulassung,wiedereröffnung,genehmigung,land,januar
2020-12-03,corona,januar,pandemie,un,prozent,buchung,mensch,donnerstag,pfund,coronavirus
2020-12-04,corona,uhr,mensch,steuererhöhung,durchschnitt,erzieherinnen,schnelltests,erzieher,zone,städtetag
2020-12-05,corona,zahl,massenimpfung,bundesverfassungsgericht,dezember,euro,frage,absatzzahl,ausbildungshilfen,auslandsreiseführer
2020-12-06,sonntag,demokratie,corona,verfassungsschutz,zahl,angelus,seilbahn,bewegung,demonstration,welt
2020-12-07,corona,konflikt,labor,weihnachten,januar,verschärfung,zahl,woche,gesundheitspolitiker,altersgruppe
2020-12-08,weihnachten,corona,weihnachtsferie,januar,silvester,feiertag,cnn,lockdown,schule,vorwoche
2020-12-09,weihnachten,corona,reaktion,feiertag,ffp2,massenimpfung,cyberangriff,attacke,jahreswechsel,impfstoff
2020-12-10,weihnachten,corona,akademie,lockdown,jahreswechsel,pandemie,ausgangssperre,anleihekäufe,brennglas,fehlentwicklung
2020-12-11,krisengipfel,corona,land,geschenk,lockdown,fda,einschnitt,sonntag,heiligabend,bund
2020-12-12,verbot,querdenken,ansammlung,corona,demonstrant,versammlungsverbot,mensch,polizei,einsatz,stadt
2020-12-13,corona,bund,abfällen,versicherungsbranche,firmaenkunde,kreativwirtschaft,länder,kanzleramt,lockdown,wald
2020-12-14,corona,impfstoff,sinopharm,land,geschäft,virusstamm,mensch,maßnahmen,dpa,emirat
2020-12-15,corona,weihnachten,notfallzulassung,altenpflege,januar,impfstoff,pandemie,zulassung,demonstrant,beschränkung
2020-12-16,impfung,triage,dezember,corona,coronavirusaußerdem,beitrag,sauerstoffbeatmung,patient,forschung,impfstoff
2020-12-17,nikolausfeier,januar,singen,triage,dezember,direktor,uniklinik,impfung,corona,internetseite
2020-12-18,corona,januar,lockdown,stufe,mensch,feuerwerksverbot,sammlung,vereinbarkeit,beruf,lift
2020-12-19,weihnachten,corona,abschlagszahlung,novemberhilfe,bischof,auszahlung,impfung,arzneimittelbehörde,pflegekraft,reaktion
2020-12-20,variante,flug,coronavirus,mutation,schwein,corona,stall,verkehrsverbindung,januar,verbot
2020-12-21,mutation,coronavirus,bezirksregierung,beurteilung,marktzulassung,universitätsklinik,kabinett,corona,produkt,passagier
2020-12-22,corona,mutation,variante,gewaltstraftat,grenzsituation,großvermieter,steuerzahlung,coronavirus,weihnachten,darsteller
2020-12-23,lkw,variante,krematorie,pflegekraft,coronavirus,verkehrsministerium,fahrer,prämie,heim,mutation
2020-12-24,variante,mutation,stau,region,corona,woche,christmette,kurzarbeitsanzeigen,präsidentenresidenz,coronavirus
2020-12-25,balkon,ballweg,heiligabend,fahrer,glaube,jahres,querdenken,mensch,soldat,lkw
2020-12-26,raucher,impfstart,corona,impfung,feiertag,betreibers,grütter,imfpung,neujahrsferien,nichtraucher
2020-12-27,seniorenzentrum,corona,geimpften,impfbeginn,ski,winterberg,coronavirus,infektionszahlen,mensch,sonntagmorgen
2020-12-28,corona,feuerwerk,patientin,schnee,dosis,verkaufsverbot,mensch,sonntagabend,flughafen,coronavirus
2020-12-29,corona,diskriminierung,geimpften,natur,krankenhausgesellschaft,klinik,impfung,sozialwohnung,januar,mensch
2020-12-30,corona,impfstoff,januar,impfung,mensch,feuerwerk,winterberg,zulassung,erbgut,nachmeldung
2020-12-31,dkg,spaltung,sinopharm,bevölkerungsgruppe,corona,januar,krise,altenpfleger,beschleuniger,bildungsferne
2021-01-01,corona,shisha,kooperationspartner,cafe,januar,impfstoff,land,lieferung,dosis,jahreswechsel
2021-01-02,party,januar,corona,terminvergabe,rave,verlängerung,inzidenzzahl,wirtschaftsforschung,mensch,wert
2021-01-03,impfstoff,winterberg,vorlauf,morgenpost,kritik,corona,bereitstellung,polizei,vakzin,impfverordnung
2021-01-04,zulassung,januar,corona,impfung,frage,impfstrategie,bundestagsfraktion,mensch,grundrecht,breitband
2021-01-05,impfstoff,januar,land,corona,mensch,parkplatz,apotheker,treffen,testphase,mann
2021-01-06,corona,sternsinger,million,kilometer,staat,impfstoff,fdp,moderna,kritik,mensch
2021-01-07,corona,labortest,variante,million,januar,anteil,studie,impfdosen,dezember,kanzleramtschef
2021-01-08,dosis,impfterminen,biontech,pfizer,corona,ampulle,lieferung,impfstoffs,mutation,tag
2021-01-09,corona,auswahl,franziskus,besserung,département,karrenbauer,kramp,wahlkampf,impfstoff,information
2021-01-10,zoo,variante,land,million,minute,spritze,impfdosis,coronavirus,abnicker,eintrittsgelder
2021-01-11,corona,krematorie,bundesland,arbeitsplatz,nachbarstaat,überblick,bewegungsverbot,gefilde,luftschleuse,mikronesiens
2021-01-12,corona,pflegekraft,impfpflicht,novemberhilfe,mutation,november,berechnung,impfstoff,auskunft,coronavirus
2021-01-13,impfpflicht,variante,corona,januar,ffp2,pflegekraft,soldat,bedürftige,epidemie,phase
2021-01-14,parkplatz,abschluß,vorgänger,piste,winterberg,virus,coronavirus,corona,eltern,uhr
2021-01-15,pilot,dienstlaptop,corona,polizei,fdp,november,prozent,kanzleramt,treffen,lockdowns
2021-01-16,corona,länder,heim,zahl,mutation,spritze,griff,variante,perspektive,virus
2021-01-17,corona,maa,ffp2,eiscreme,familienexperte,geimpfter,sonntag,bahn,theologin,unsinn
2021-01-18,corona,klinikum,sondersitzung,mutation,verschärfung,metall,pandemie,coronavirus,mensch,jährigen
2021-01-19,corona,februar,bund,kunstsammlerin,ffp2,vielfalt,industrie,masken,prozent,museum
2021-01-20,schweigepflicht,corona,maske,parlamentsgeschäftsführer,schutzgrad,mann,erwerb,lieferung,verkehrsunternehmen,verordnung
2021-01-21,grenzschließung,corona,prozent,ampullen,sequenzierung,eu,todesrate,pfund,meldung,helfer
2021-01-22,karneval,februar,spiel,corona,begründungselement,fertigungsproblem,gottesdienstbesucher,handlungssicherheit,schwankungen,sozialminister
2021-01-23,impfung,ametsreiter,autodiebstahl,einwanderungsbehörden,frühjahrslockdowns,garage,jordan,mobilfunkmast,mobilitätsdaten,privatklinik
2021-01-24,bedürfnis,corona,bundesbehörde,sonntag,handball,sportart,mitarbeiter,brand,impfung,auftreten
2021-01-25,corona,freiwillige,krawall,neubau,hotline,masken,kinderschutzorganisation,pasteur,ffp2,hilfseinsätze
2021-01-26,corona,mikrozensus,reichsbürger,mutation,ballweg,klinikum,million,wohnort,impfstoff,version
2021-01-27,corona,mutation,eu,impfstoff,verordnung,pandemie,bundeswehr,bundesregierung,krawall,homeoffice
2021-01-28,pharmahersteller,vertrag,bundesregierung,bezieher,mutation,impfgipfel,sicherheitskraft,vertreter,wechselunterricht,impfstoff
2021-01-29,corona,januar,kommission,impfstoffs,mensch,impfstoff,medikament,variante,bundesagentur,hochrisikogebieten
2021-01-30,familie,homeschooling,leuchtturm,tablette,corona,intensivpflege,kubaner,kraftakt,krankenpflegerin,taxi
2021-01-31,meldung,impfstoff,impfgipfel,corona,notfall,erwartung,stadt,auto,bundesdurchschnitt,bundesfamililenministerin
2021-02-01,corona,skilift,rabbiner,papst,rupie,impfeinheit,visite,zahl,mensch,gewalt
2021-02-02,corona,soldat,stadtrat,hotline,entwickler,impfung,impfstoff,februar,lockdown,verfahren
2021-02-03,corona,impfstoff,variante,kinderbonus,fliegerhorst,hilfseinsatz,ffp2,jahrestreffen,mehrwert,sputnik
2021-02-04,februar,corona,gavi,koalition,impfplan,einmalzahlung,techniker,coronahilfen,koalitionsausschuß,krankschreibung
2021-02-05,corona,altersbeschränkung,wohnfläche,wohnungsmarkt,bürofläche,entspannung,impfstoff,bündnis,jahr,präsidentin
2021-02-06,impfstoff,corona,bundespräsident,umnutzung,bürofläche,lieferung,wohnraum,jahr,mensch,hersteller
2021-02-07,stufenplan,spendenbereitschaft,whistleblowern,whistleblower,gerücht,tierpark,trauernd,februar,impfung,schule
2021-02-08,variante,impfstoff,corona,astrazeneca,wirksamkeit,ausgangssperre,anerkennung,fortsetzung,staatssekretär,regierung
2021-02-09,corona,mitführpflicht,kinderbonus,euro,bundesverkehrsministerium,warnwesten,zuschus,tier,asylsuchend,katze
2021-02-10,corona,bund,land,impfstoff,länder,million,beschluß,ap,anwendung,verlängerung
2021-02-11,weiberfastnacht,spender,weihwasser,benefiz,redner,verlängerung,corona,abschiebung,bühnenarbeiter,karnevalisten
2021-02-12,familienunternehmer,sonderzulassung,corona,bundesbank,einigkeit,scheuer,impfreihenfolge,steinmeier,variante,bundesrat
2021-02-13,corona,gipfel,ware,bundespolizei,variante,prozent,bezirksvorsitzende,brancheninformation,containerbüros,hallenbäder
2021-02-14,corona,grenze,variante,sonntag,virusmutation,coronavirus,einreiseregeln,bundespolizei,prozent,aufpicken
2021-02-15,corona,grenze,grenzkontrolle,songs,nachricht,pandemie,flüchtling,gemeinde,karneval,regierung
2021-02-16,corona,januarwoche,integration,wirtschaft,selbstständige,solo,stufenplan,vertreter,impfstoff,grenzwert
2021-02-17,sauna,prioritätsgruppe,impfstoff,prozent,variante,woche,mitarbeiter,corona,saunabauer,million
2021-02-18,kurzarbeit,prozent,formel,corona,asylantrag,lohnzuschuß,anteil,vergnügungspark,januar,drittel
2021-02-19,corona,dosis,million,öffnung,kontinent,stocken,woche,zahl,trend,neuinfektion
2021-02-20,priorisierungsgruppe,corona,grundschullehrer,kammer,erzieher,grenzübergang,mensch,angabe,mutation,impfverordnung
2021-02-21,lkw,verbandschef,gesundheitsrisiko,wettbewerb,übergang,erziehung,pfizer,bildung,lehrkräfte,öffnung
2021-02-22,lockerung,gasse,öffnung,gastronomie,amtsarzt,haushaltspolitiker,corona,schwimmbad,impfreihenfolge,impfstoff
2021-02-23,corona,weltbank,märz,stufenplan,einführung,schnelltests,patient,petition,verzögerung,impfung
2021-02-24,corona,öffnungsschritt,sicherheit,impfstoff,schnelltests,variante,grafik,mensch,bundestag,forscherinnen
2021-02-25,corona,impfstoff,eu,vermittler,grafik,verwaltungsbezirk,mutante,anhörung,variante,kontingent
2021-02-26,geimpfte,vorsicht,bischofskonferenz,corona,impfstoff,straßenkünstler,impfung,gesundheitszentrum,impfangebot,apotheken
2021-02-27,corona,stiko,mensch,impfung,impfstoff,pandemie,dollar,no,beförderungsverbot,freifahrtschein
2021-02-28,corona,impfstoff,expertenrat,zulassung,pfund,pharma,sprache,wort,million,prozent
2021-03-01,corona,impfung,schnelltests,ap,erzieher,beratungsfirma,sinovac,kita,öffnung,testzentrum
2021-03-02,corona,änderung,umsatz,aufschub,öffnungsschritt,wirtschaftsrat,bund,prozent,land,öffnung
2021-03-03,impfung,corona,seepferdchen,pandemie,angst,bad,inzidenzwerten,impfstoff,prozent,bund
2021-03-04,beschluß,pharmazie,coronamaßnahmen,bund,land,buchhandlung,schnelltests,meinung,professor,corona
2021-03-05,corona,notstand,armut,mensch,immunisierung,großraum,märz,hausarzt,januar,amnesty
2021-03-06,discounter,selbsttests,mensch,teststrategie,corona,test,dalai,jugendring,lama,zoo
2021-03-07,schnelltests,christdemokrat,oecd,spitzenkandidat,charge,exportstopp,pass,corona,impfstoff,regierungschefin
2021-03-08,corona,schnelltest,ausreisebeschränkung,apotheken,charge,buchmesse,inzidenz,hochzeit,impfung,aufklärung
2021-03-09,corona,impfung,hausbesuch,märz,priorisierung,kapazitätsgrenze,woche,test,start,fabrik
2021-03-10,corona,quadratmer,hausarztpraxis,impfstoff,impfung,finanzierungslücke,kundinnen,milliarde,jahrgangsstufen,dosis
2021-03-11,corona,impfstoff,inzidenz,impfung,tal,beschuldigt,tage,land,patentschutz,sieben
2021-03-12,impfung,hunger,konflikt,corona,impfstoff,hausarzt,einbeziehung,vogtlandkreis,brexit,einbindung
2021-03-13,corona,dom,mensch,impfstoff,impfung,fernsehteam,demo,blutgerinnsel,taskforce,angriff
2021-03-14,blutgerinnsel,corona,balearen,sonntag,impfstoff,termin,inseln,bareiß,gesundheitsbehörde,urlaub
2021-03-15,impfung,impfstoff,corona,astrazeneca,landeswahlleiter,produktionslinie,aussetzung,ferieninsel,landtagswahl,briefwahl
2021-03-16,impfung,karaoke,pub,beirat,vorteil,corona,impfstoff,astrazeneca,april,geimpfte
2021-03-17,corona,impfstoff,impfung,beauftragt,reise,land,quartal,öffnungsschritt,brauerei,notbetrieb
2021-03-18,symbol,corona,bild,impfstoff,norden,pandemie,stopp,empfehlung,großraum,vereinbarung
2021-03-19,impfung,corona,blutgerinnsel,impfstoff,oscar,verleihung,inzidenz,land,rücknahme,gute
2021-03-20,urlaub,osterferien,strand,brandenburg,gartenlokal,urlaubsregelung,voranschreiten,camping,jahresmitte,kurz
2021-03-21,corona,taxi,sonntag,hilfslehrerin,philharmoniker,einreise,fehlverhalten,berufspendler,testpflicht,ferienhaus
2021-03-22,corona,kundenbegrenzung,terminbuchung,ostern,land,unterbrechung,karneval,quadratmeter,rückkehrer,kanzler
2021-03-23,beschluß,corona,befragung,beratungen,fecht,hallen,leichtathlet,torun,weltcup,zukunftsangst
2021-03-24,osterruhe,ostern,ruhetag,fehler,gottesdienst,vertrauensfrage,verzeihung,kirche,gründonnerstag,sternberg
2021-03-25,corona,test,sklaverei,glück,regierungserklärung,niedriginzidenz,schwarzarbeit,fackellauf,generalstaatsanwaltschaft,inzidenz
2021-03-26,corona,pandemie,osterruhe,modellversuch,stürmer,ostern,anstieg,variante,fehler,million
2021-03-27,corona,orla,saale,nachhilfeprogramm,einfuhr,online,stuhl,abkommen,falschinformation,sanktion
2021-03-28,geldautomat,notbremse,sonntag,corona,bargeld,flughafen,prozent,umsetzung,kinderkrankentage,sterberate
2021-03-29,tierarzt,corona,april,kreis,notbremse,ausgangssperren,inzidenzwert,präparat,instrument,bürgermeister
2021-03-30,corona,hochschule,dosis,impfstoff,betriebsarzt,land,impfung,bundespolizei,jahr,theorie
2021-03-31,astrazeneca,impfstoff,name,corona,arzneimittelagentur,jahr,altersempfehlung,sicherheitsausschuß,wahlfreiheit,modellprojekt
2021-04-01,corona,million,impfung,dosis,prozent,bürger,impfkommission,impfkampagne,impfstoff,befragt
2021-04-02,astrazeneca,zweitimpfung,impfung,empfehlung,kulturveranstaltung,antwort,impfkommission,karfreitag,moderna,corona
2021-04-03,protesten,corona,arbeitslose,journalistin,osterfeiertagen,übergriff,mensch,demonstrant,impfung,impfstoff
2021-04-04,stiftung,kinderrecht,staatsminister,freiheit,recht,corona,regel,querdenken,bewegung,lockdown
2021-04-05,corona,pilgerfahrt,welle,mensch,prozent,abstandhalten,buchungssystem,halbinsel,heimatlandkreis,insolvenzrechtsexperte
2021-04-06,hausarzt,corona,abiturprüfung,bundesschülerkonferenz,delegiert,praxis,impfstoff,präfektur,april,impfung
2021-04-07,corona,impfstoff,gedächtniskirche,kaiser,wieland,wilhelm,thrombose,zweitimpfung,moderna,impfung
2021-04-08,corona,impfstoff,kultusministerkonferenz,arzneimittelbehörde,sputnik,bundestag,empfehlung,initiative,astrazeneca,videoschalte
2021-04-09,corona,zahl,dosis,land,überbrückungshilfe,impfstoff,kreuzimpfung,impfung,fünfte,testtermin
2021-04-10,corona,bundesschülerkonferenz,jahr,charité,zahl,intensivstation,industrie,vortag,ihmzufolge,krankenversorgung
2021-04-11,corona,gesundheitsexperte,effekt,studie,bundesregierung,pandemie,impfung,woche,kongresszentrums,änderung
2021-04-12,corona,änderung,impfstoff,infektionsschutzgesetzes,erwachsene,testpflicht,land,woche,impfung,ampel
2021-04-13,corona,markteinführung,testangebotspflicht,intensivpatienten,bundeskabinett,beschäftigt,arbeitgeber,unternehmen,änderung,forscher
2021-04-14,corona,ausbildungsverträge,impfstoff,eu,impfung,grafik,dosis,notbremse,lieferung,innenraum
2021-04-15,corona,abwasser,grafik,wunder,studiendaten,million,priorisierung,kinder,tageszeitung,wähler
2021-04-16,impfung,corona,änderung,vakzinen,40,bundestagsanhörung,tag,kreis,betreuerstab,auffrischung
2021-04-17,amnestie,koalitionsfraktion,querdenken,corona,theater,gefängnis,polizei,modellprojekt,verbraucher,demonstration
2021-04-18,hinterblieben,corona,mensch,erwachsene,lockdown,praxis,ausgangssperre,altersstufe,angebotspflicht,aosta
2021-04-19,corona,win,tierhandel,inzidenz,sieben,tage,tag,ausgangsbeschränkung,infektionsschutzgesetz,fraktion
2021-04-20,corona,leichenhallen,impfstoff,notbremse,präsentation,blutgerinnsel,variante,schulschließung,post,alexander
2021-04-21,impfung,corona,stufe,prozent,aufbaufonds,arztpraxis,zahl,inzidenzwert,jährigen,woche
2021-04-22,notbremse,musikpreis,palme,infektionsschutzgesetzes,corona,bundesrat,dosis,variante,bedenken,hand
2021-04-23,internetaktion,corona,schauspieler,million,zweitimpfung,varianten,ausgangsbeschränkung,pandemie,mensch,impfstoff
2021-04-24,notbremse,bundes,corona,beschwerde,million,innenstadt,grafik,sauerstoff,ausgangsbeschränkung,mensch
2021-04-25,kochsalzlösung,corona,impfgipfel,sonntag,geimpfte,regierung,impfstoff,schauspieler,verfassungsorgan,mitarbeiterin
2021-04-26,corona,essens,verfassungsorgan,scheuer,pub,land,spende,rückkehr,mai,variante
2021-04-27,corona,konzert,mediziner,natur,jugendliche,sauerstoffkonzentratoren,geimpften,kulturschaffend,impfstoff,gesetz
2021-04-28,geimpfte,corona,bundesnotbremse,impfung,million,desinformationskampagne,reiseaktivität,mensch,schritt,person
2021-04-29,todesliste,corona,einweisung,risiko,kanzlerkandidat,dosis,bundestagsabgeordnete,prozent,woche,zulassung
2021-04-30,semperoper,corona,regelung,notbremse,hilfslieferung,landesverordnung,migrationshintergrund,erleichterung,oper,bundesrat
2021-05-01,corona,maschine,park,party,anlage,luftwaffe,erlaß,pilotprojekt,pub,samstag
2021-05-02,corona,nachweis,abwasser,sonntag,eu,kreuzfahrt,geimpfte,mensch,armee,recherche
2021-05-03,volksfest,corona,geimpfte,oktoberfest,genesene,erleichterung,impfung,inzidenz,version,impfstoff
2021-05-04,corona,ärztetag,digitalisierung,erleichterung,verordnungsentwurf,straftat,bereich,impfstoff,morgenmagazin,mut
2021-05-05,corona,prozent,g7,impfstoff,impfquote,brennpunkt,dosis,mensch,impfung,umsatz
2021-05-06,patent,geimpfte,genesene,patentschutz,impfstoffe,forderung,impfung,freigabe,entscheidung,bundesrat
2021-05-07,nrw,notfallzulassung,corona,notstand,abstrichtupfer,bescheidenheit,geldausgeben,handelsüberschuß,impffahrplan,konsumwünsche
2021-05-08,patent,freigabe,patentschutz,produktion,impfstoff,corona,eu,qualität,ausnahmezustand,impfung
2021-05-09,zentralmoschee,platz,ditib,schlei,corona,emirat,samstagabend,mai,uhr,mensch
2021-05-10,prozent,förderschulen,corona,jahr,lerngruppe,mensch,lolli,impfschutz,genesene,erleichterung
2021-05-11,corona,bürgerfest,jugendhilfe,intensivpatienten,kritikern,grenzverkehr,arbeitsgemeinschaft,rechtsextremist,inzidenz,bischof
2021-05-12,corona,impfstoff,wochenschnitt,besucher,priorisierung,mai,eu,astrazeneca,juli,regierung
2021-05-13,impfstoff,antigenproduktion,ratte,immunantworten,tierversuch,impfung,impfstoffmengen,corona,patent,zulassung
2021-05-14,priorisierung,corona,arztpraxis,notstand,außenminister,bagatelldelikt,gewässer,impfausweisen,impfberechtigten,staatsbürgerinnen
2021-05-15,kirchentag,alte,junge,maa,innenraum,solidarität,prozent,bibelarbeit,brückentag,impfschutzes
2021-05-16,schwerpunktimpfung,kirchentag,impfung,modellversuch,ap,gerät,pub,alte,mensch,corona
2021-05-17,corona,priorisierung,studentin,urkundenfälschung,juni,million,impfwilligen,impfung,impftermin,bundesland
2021-05-18,hausärzteverband,praxis,post,umstand,impfung,corona,woche,hausarzt,signal,kind
2021-05-19,corona,praxis,impfpriorisierung,gasse,zertifikat,amtsrichter,haltbarkeitsdatum,weltärztebunds,impfstoff,variante
2021-05-20,kind,biontech,corona,vertrag,pfingsten,pfizer,kontrollmaßnahmen,aufhebung,variante,bahn
2021-05-21,alltagssituation,kino,filmtheater,maske,corona,ligen,arztpraxis,aufwand,juni,impfzentren
2021-05-22,variante,corona,zuschauer,einstufung,em,virusvariantengebiet,inhalt,geldstrafe,wettbewerb,begriff
2021-05-23,single,variante,corona,anhänger,vorrat,inhalt,polizei,schutz,mensch,sonntag
2021-05-24,green,corona,kongressabgeordnete,pandemie,schülerin,schüler,jugendliche,ausbildungsunternehmen,gegend,mensch
2021-05-25,corona,kind,impftourismus,influencer,jugendliche,landkreistag,prozent,impfbereitschaft,impfung,impfstoff
2021-05-26,erwachsene,corona,kanal,sprechen,variante,kind,jugendliche,dosis,impfstoff,impfung
2021-05-27,corona,kind,jugendliche,initiative,kuh,impfkommission,mensch,jahr,sommer,häftling
2021-05-28,corona,kind,jugendliche,impfstoff,dosis,impfung,juni,risiko,eu,juli
2021-05-29,jugendherbergen,impfung,klassenfahrten,klein,kind,impfnachweis,arena,sprache,mensch,corona
2021-05-30,flaschenwürfen,polizei,pflicht,corona,kriterium,konzert,papier,homeoffice,abwasserproben,beamtin
2021-05-31,rechnung,corona,gasse,briefkasten,westpfalz,vereinigung,kind,elbphilharmonie,kontorolle,publikum
2021-06-01,corona,ausbildungsmarkt,schuljahr,dgb,kommission,infektionsschutz,bundesagentur,kriterium,mitgliedstaat,pandemie
2021-06-02,juni,corona,strang,joint,kapazität,dollar,erwachsene,beschuldigt,arbeitgeberverbände,bezirk
